counts,proportion
795,0.1254932912391476
434,0.06850828729281767
1076,0.16985003946329913
155,0.0244672454617206
3180,0.5019731649565904
487,0.07687450670876085
208,0.032833464877663775
